{"cameraMode":{"drawMode":0,"name":"Shaded","section":"Shading Mode"},"sceneLighting":false,"audioPlay":false,"sceneViewState":{"showFog":true,"showMaterialUpdate":false,"showSkybox":true,"showFlares":true,"showImageEffects":true,"showParticleSystems":true},"in2DMode":false,"pivot":{"x":0.0,"y":0.20107421278953553,"z":7.450580596923828e-8},"rotation":{"x":-0.0015598475001752377,"y":0.9932107925415039,"z":-0.1155410036444664,"w":-0.013423637486994267},"size":2.2104344367980959,"orthographic":false}