{"cameraMode":{"drawMode":0,"name":"Shaded","section":"Shading Mode"},"sceneLighting":false,"audioPlay":false,"sceneViewState":{"showFog":true,"showMaterialUpdate":false,"showSkybox":true,"showFlares":true,"showImageEffects":true,"showParticleSystems":true},"in2DMode":false,"pivot":{"x":5.000000476837158,"y":5.0,"z":5.499999046325684},"rotation":{"x":0.23624487221240998,"y":0.0005805263645015657,"z":-0.00014073276543058455,"w":0.9716933965682983},"size":20.02728843688965,"orthographic":false}