{"cameraMode":{"drawMode":0,"name":"Shaded","section":"Shading Mode"},"sceneLighting":false,"audioPlay":false,"sceneViewState":{"showFog":true,"showMaterialUpdate":false,"showSkybox":true,"showFlares":true,"showImageEffects":true,"showParticleSystems":true},"in2DMode":false,"pivot":{"x":2.6273441314697267,"y":2.8838882446289064,"z":3.8619420528411867},"rotation":{"x":-0.1399608999490738,"y":0.503728449344635,"z":-0.0831005722284317,"w":-0.8483884930610657},"size":12.482134819030762,"orthographic":false}