{"cameraMode":{"drawMode":0,"name":"Shaded","section":"Shading Mode"},"sceneLighting":true,"audioPlay":false,"sceneViewState":{"showFog":true,"showMaterialUpdate":false,"showSkybox":true,"showFlares":true,"showImageEffects":true,"showParticleSystems":true},"in2DMode":false,"pivot":{"x":0.4334259033203125,"y":1.3651361465454102,"z":3.7915210723876955},"rotation":{"x":0.23711033165454865,"y":0.3812047839164734,"z":-0.10181666165590286,"w":0.8877471685409546},"size":12.303556442260743,"orthographic":false}