{"cameraMode":{"drawMode":0,"name":"Shaded","section":"Shading Mode"},"sceneLighting":false,"audioPlay":false,"sceneViewState":{"showFog":true,"showMaterialUpdate":false,"showSkybox":true,"showFlares":true,"showImageEffects":true,"showParticleSystems":true},"in2DMode":false,"pivot":{"x":-0.3212544918060303,"y":0.9876699447631836,"z":0.0010088086128234864},"rotation":{"x":-0.0392632782459259,"y":0.9467054009437561,"z":-0.1265539526939392,"w":-0.2935836911201477},"size":2.178067445755005,"orthographic":false}