{"cameraMode":{"drawMode":0,"name":"Shaded","section":"Shading Mode"},"sceneLighting":true,"audioPlay":false,"sceneViewState":{"showFog":true,"showMaterialUpdate":false,"showSkybox":true,"showFlares":true,"showImageEffects":true,"showParticleSystems":true},"in2DMode":false,"pivot":{"x":-100.35343170166016,"y":-22.936309814453126,"z":156.57469177246095},"rotation":{"x":-0.1984814554452896,"y":-0.003825344145298004,"z":0.0007746891933493316,"w":-0.9800968766212463},"size":12.763684272766114,"orthographic":false}