{"cameraMode":{"drawMode":0,"name":"Shaded","section":"Shading Mode"},"sceneLighting":false,"audioPlay":false,"sceneViewState":{"showFog":true,"showMaterialUpdate":false,"showSkybox":true,"showFlares":true,"showImageEffects":true,"showParticleSystems":true},"in2DMode":false,"pivot":{"x":-0.7091200351715088,"y":0.6049551963806152,"z":0.4556891918182373},"rotation":{"x":0.035439103841781619,"y":0.9071515202522278,"z":-0.07803399115800858,"w":0.4119841754436493},"size":2.8578836917877199,"orthographic":false}