{"cameraMode":{"drawMode":0,"name":"Shaded","section":"Shading Mode"},"sceneLighting":false,"audioPlay":false,"sceneViewState":{"showFog":true,"showMaterialUpdate":false,"showSkybox":true,"showFlares":true,"showImageEffects":true,"showParticleSystems":true},"in2DMode":false,"pivot":{"x":0.5856890678405762,"y":-0.033987194299697879,"z":0.05587982386350632},"rotation":{"x":0.08986590802669525,"y":0.7351527214050293,"z":-0.0993957370519638,"w":0.6645262837409973},"size":1.957444667816162,"orthographic":false}