{"cameraMode":{"drawMode":0,"name":"Shaded","section":"Shading Mode"},"sceneLighting":false,"audioPlay":false,"sceneViewState":{"showFog":true,"showMaterialUpdate":false,"showSkybox":true,"showFlares":true,"showImageEffects":true,"showParticleSystems":true},"in2DMode":false,"pivot":{"x":5.617034912109375,"y":3.832859992980957,"z":8.700532913208008},"rotation":{"x":0.19263334572315217,"y":-0.3447357416152954,"z":0.07250869274139404,"w":0.9158560037612915},"size":16.764009475708009,"orthographic":false}