{"cameraMode":{"drawMode":0,"name":"Shaded","section":"Shading Mode"},"sceneLighting":false,"audioPlay":false,"sceneViewState":{"showFog":true,"showMaterialUpdate":false,"showSkybox":true,"showFlares":true,"showImageEffects":true,"showParticleSystems":true},"in2DMode":false,"pivot":{"x":2.1964476108551027,"y":3.5719306468963625,"z":1.8984384536743165},"rotation":{"x":0.14716044068336488,"y":0.22775660455226899,"z":-0.03484393656253815,"w":0.9619026184082031},"size":9.801274299621582,"orthographic":false}