{"cameraMode":{"drawMode":0,"name":"Shaded","section":"Shading Mode"},"sceneLighting":false,"audioPlay":false,"sceneViewState":{"showFog":true,"showMaterialUpdate":false,"showSkybox":true,"showFlares":true,"showImageEffects":true,"showParticleSystems":true},"in2DMode":false,"pivot":{"x":-0.0030655264854431154,"y":0.332221120595932,"z":-0.028476446866989137},"rotation":{"x":-0.152505561709404,"y":-0.6678876876831055,"z":0.14256799221038819,"w":-0.7143825888633728},"size":1.6466383934020997,"orthographic":false}