{"cameraMode":{"drawMode":0,"name":"Shaded","section":"Shading Mode"},"sceneLighting":false,"audioPlay":false,"sceneViewState":{"showFog":true,"showMaterialUpdate":false,"showSkybox":true,"showFlares":true,"showImageEffects":true,"showParticleSystems":true},"in2DMode":false,"pivot":{"x":0.0,"y":3.4154422283172609,"z":-0.00768733024597168},"rotation":{"x":0.11351440101861954,"y":0.5544090270996094,"z":-0.07664620131254196,"w":0.8208961486816406},"size":8.548138618469239,"orthographic":false}