{"cameraMode":{"drawMode":0,"name":"Shaded","section":"Shading Mode"},"sceneLighting":false,"audioPlay":false,"sceneViewState":{"showFog":true,"showMaterialUpdate":false,"showSkybox":true,"showFlares":true,"showImageEffects":true,"showParticleSystems":true},"in2DMode":false,"pivot":{"x":1.1920928955078126e-7,"y":5.0,"z":-4.76837158203125e-7},"rotation":{"x":-0.22947894036769868,"y":-0.05341474711894989,"z":0.012598318047821522,"w":-0.9717652201652527},"size":20.20829200744629,"orthographic":false}