{"cameraMode":{"drawMode":0,"name":"Shaded","section":"Shading Mode"},"sceneLighting":false,"audioPlay":false,"sceneViewState":{"showFog":true,"showMaterialUpdate":false,"showSkybox":true,"showFlares":true,"showImageEffects":true,"showParticleSystems":true},"in2DMode":false,"pivot":{"x":0.0,"y":-0.009962588548660279,"z":-0.020376866683363916},"rotation":{"x":0.059101954102516177,"y":0.7146435379981995,"z":-0.06081065908074379,"w":0.6943296790122986},"size":1.8397297859191895,"orthographic":false}