{"cameraMode":{"drawMode":0,"name":"Shaded","section":"Shading Mode"},"sceneLighting":false,"audioPlay":false,"sceneViewState":{"showFog":true,"showMaterialUpdate":false,"showSkybox":true,"showFlares":true,"showImageEffects":true,"showParticleSystems":true},"in2DMode":false,"pivot":{"x":0.025203466415405275,"y":1.010718822479248,"z":5.487138748168945},"rotation":{"x":0.09249736368656159,"y":-0.8200849890708923,"z":0.13858890533447267,"w":0.5474468469619751},"size":7.08936071395874,"orthographic":false}