{"cameraMode":{"drawMode":0,"name":"Shaded","section":"Shading Mode"},"sceneLighting":false,"audioPlay":false,"sceneViewState":{"showFog":true,"showMaterialUpdate":false,"showSkybox":true,"showFlares":true,"showImageEffects":true,"showParticleSystems":true},"in2DMode":false,"pivot":{"x":1.602212905883789,"y":2.2715365886688234,"z":-2.5851659774780275},"rotation":{"x":-0.11118978261947632,"y":0.6913451552391052,"z":-0.10896077007055283,"w":-0.7055538892745972},"size":11.783360481262207,"orthographic":false}