{"cameraMode":{"drawMode":0,"name":"Shaded","section":"Shading Mode"},"sceneLighting":true,"audioPlay":false,"sceneViewState":{"showFog":true,"showMaterialUpdate":false,"showSkybox":true,"showFlares":true,"showImageEffects":true,"showParticleSystems":true},"in2DMode":false,"pivot":{"x":101.76087951660156,"y":422.2176818847656,"z":-54.548828125},"rotation":{"x":-0.19461816549301148,"y":0.01676143892109394,"z":-0.0033413951750844719,"w":-0.9807301759719849},"size":864.9152221679688,"orthographic":false}