{"cameraMode":{"drawMode":0,"name":"Shaded","section":"Shading Mode"},"sceneLighting":false,"audioPlay":false,"sceneViewState":{"showFog":true,"showMaterialUpdate":false,"showSkybox":true,"showFlares":true,"showImageEffects":true,"showParticleSystems":true},"in2DMode":false,"pivot":{"x":0.0,"y":1.3409998416900635,"z":2.811216354370117},"rotation":{"x":0.14716044068336488,"y":0.22775660455226899,"z":-0.03484393656253815,"w":0.9619026184082031},"size":22.0131893157959,"orthographic":false}