{"cameraMode":{"drawMode":0,"name":"Shaded","section":"Shading Mode"},"sceneLighting":false,"audioPlay":false,"sceneViewState":{"showFog":true,"showMaterialUpdate":false,"showSkybox":true,"showFlares":true,"showImageEffects":true,"showParticleSystems":true},"in2DMode":false,"pivot":{"x":0.33553433418273928,"y":0.26366743445396426,"z":-0.6698346734046936},"rotation":{"x":-0.022797424346208574,"y":-0.9520692825317383,"z":0.0732736736536026,"w":-0.2961004376411438},"size":1.5124974250793458,"orthographic":false}