{"cameraMode":{"drawMode":0,"name":"Shaded","section":"Shading Mode"},"sceneLighting":true,"audioPlay":false,"sceneViewState":{"showFog":true,"showMaterialUpdate":false,"showSkybox":true,"showFlares":true,"showImageEffects":true,"showParticleSystems":true},"in2DMode":false,"pivot":{"x":-196.63168334960938,"y":-26.75182342529297,"z":324.7829895019531},"rotation":{"x":0.09614115208387375,"y":-0.9013440012931824,"z":0.33189457654953005,"w":0.26111671328544619},"size":49.00978088378906,"orthographic":false}