{"cameraMode":{"drawMode":0,"name":"Shaded","section":"Shading Mode"},"sceneLighting":false,"audioPlay":false,"sceneViewState":{"showFog":true,"showMaterialUpdate":false,"showSkybox":true,"showFlares":true,"showImageEffects":true,"showParticleSystems":true},"in2DMode":false,"pivot":{"x":-0.34969186782836916,"y":2.5809006690979006,"z":-0.10445189476013184},"rotation":{"x":0.13694773614406587,"y":0.7695428729057312,"z":-0.1761302649974823,"w":0.5983538031578064},"size":4.394440650939941,"orthographic":true}