{"cameraMode":{"drawMode":0,"name":"Shaded","section":"Shading Mode"},"sceneLighting":false,"audioPlay":false,"sceneViewState":{"showFog":true,"showMaterialUpdate":false,"showSkybox":true,"showFlares":true,"showImageEffects":true,"showParticleSystems":true},"in2DMode":false,"pivot":{"x":0.027476375922560693,"y":0.017178446054458619,"z":0.08746490627527237},"rotation":{"x":-0.10711736232042313,"y":0.8363552689552307,"z":-0.1764371544122696,"w":-0.5078442096710205},"size":0.47526857256889346,"orthographic":false}