{"cameraMode":{"drawMode":0,"name":"Shaded","section":"Shading Mode"},"sceneLighting":false,"audioPlay":false,"sceneViewState":{"showFog":true,"showMaterialUpdate":false,"showSkybox":true,"showFlares":true,"showImageEffects":true,"showParticleSystems":true},"in2DMode":false,"pivot":{"x":-2.384185791015625e-7,"y":2.0,"z":2.0000014305114748},"rotation":{"x":0.18187016248703004,"y":0.06635566800832749,"z":-0.01229078322649002,"w":0.9810041189193726},"size":23.681961059570314,"orthographic":false}