{"cameraMode":{"drawMode":0,"name":"Shaded","section":"Shading Mode"},"sceneLighting":false,"audioPlay":false,"sceneViewState":{"showFog":true,"showMaterialUpdate":false,"showSkybox":true,"showFlares":true,"showImageEffects":true,"showParticleSystems":true},"in2DMode":false,"pivot":{"x":3.9004297256469728,"y":2.472759962081909,"z":4.541547775268555},"rotation":{"x":0.10668034106492996,"y":-0.542693555355072,"z":0.06975515186786652,"w":0.8302032351493836},"size":8.628122329711914,"orthographic":false}