{"cameraMode":{"drawMode":0,"name":"Shaded","section":"Shading Mode"},"sceneLighting":false,"audioPlay":false,"sceneViewState":{"showFog":true,"showMaterialUpdate":false,"showSkybox":true,"showFlares":true,"showImageEffects":true,"showParticleSystems":true},"in2DMode":false,"pivot":{"x":0.0,"y":2.5000007152557375,"z":-8.940696716308594e-7},"rotation":{"x":-0.006173938978463411,"y":0.9851973652839661,"z":-0.16740192472934724,"w":-0.036395277827978137},"size":5.109230041503906,"orthographic":false}