{"cameraMode":{"drawMode":0,"name":"Shaded","section":"Shading Mode"},"sceneLighting":true,"audioPlay":false,"sceneViewState":{"showFog":true,"showMaterialUpdate":false,"showSkybox":true,"showFlares":true,"showImageEffects":true,"showParticleSystems":true},"in2DMode":false,"pivot":{"x":-101.80702209472656,"y":-305.35003662109377,"z":118.06890869140625},"rotation":{"x":-0.022707747295498849,"y":0.28716111183166506,"z":0.006758082192391157,"w":0.9577165246009827},"size":0.3516682982444763,"orthographic":true}