{"cameraMode":{"drawMode":0,"name":"Shaded","section":"Shading Mode"},"sceneLighting":false,"audioPlay":false,"sceneViewState":{"showFog":true,"showMaterialUpdate":false,"showSkybox":true,"showFlares":true,"showImageEffects":true,"showParticleSystems":true},"in2DMode":false,"pivot":{"x":-0.02463984489440918,"y":0.24865901470184327,"z":0.7214035987854004},"rotation":{"x":-0.15026721358299256,"y":-0.11127930879592896,"z":0.01701996847987175,"w":-0.9822153449058533},"size":2.165526866912842,"orthographic":false}