{"cameraMode":{"drawMode":0,"name":"Shaded","section":"Shading Mode"},"sceneLighting":false,"audioPlay":false,"sceneViewState":{"showFog":true,"showMaterialUpdate":false,"showSkybox":true,"showFlares":true,"showImageEffects":true,"showParticleSystems":true},"in2DMode":false,"pivot":{"x":0.028052084147930146,"y":0.28475627303123476,"z":-0.03853422403335571},"rotation":{"x":-0.049675583839416507,"y":-0.9460404515266419,"z":0.17538665235042573,"w":-0.2679283916950226},"size":0.528873085975647,"orthographic":false}