{"cameraMode":{"drawMode":0,"name":"Shaded","section":"Shading Mode"},"sceneLighting":false,"audioPlay":false,"sceneViewState":{"showFog":true,"showMaterialUpdate":false,"showSkybox":true,"showFlares":true,"showImageEffects":true,"showParticleSystems":true},"in2DMode":false,"pivot":{"x":1.0400400161743165,"y":0.19827577471733094,"z":-0.7745897769927979},"rotation":{"x":0.021303556859493257,"y":0.8963810801506043,"z":-0.043338507413864139,"w":0.44064611196517947},"size":2.234586238861084,"orthographic":false}