{"cameraMode":{"drawMode":0,"name":"Shaded","section":"Shading Mode"},"sceneLighting":false,"audioPlay":false,"sceneViewState":{"showFog":true,"showMaterialUpdate":false,"showSkybox":true,"showFlares":true,"showImageEffects":true,"showParticleSystems":true},"in2DMode":false,"pivot":{"x":0.7468550205230713,"y":0.3114193081855774,"z":0.35283035039901736},"rotation":{"x":0.02425483986735344,"y":0.5992475152015686,"z":-0.018169572576880456,"w":0.7999899983406067},"size":1.9133741855621338,"orthographic":false}