{"cameraMode":{"drawMode":0,"name":"Shaded","section":"Shading Mode"},"sceneLighting":true,"audioPlay":false,"sceneViewState":{"showFog":true,"showMaterialUpdate":false,"showSkybox":true,"showFlares":true,"showImageEffects":true,"showParticleSystems":true},"in2DMode":false,"pivot":{"x":23.156137466430665,"y":1.5260510444641114,"z":-1.078153133392334},"rotation":{"x":-0.31257134675979617,"y":0.10216957330703736,"z":-0.03423793613910675,"w":-0.9439548254013062},"size":187.95143127441407,"orthographic":true}