{"cameraMode":{"drawMode":0,"name":"Shaded","section":"Shading Mode"},"sceneLighting":false,"audioPlay":false,"sceneViewState":{"showFog":true,"showMaterialUpdate":false,"showSkybox":true,"showFlares":true,"showImageEffects":true,"showParticleSystems":true},"in2DMode":false,"pivot":{"x":2.5312585830688478,"y":-0.38945484161376955,"z":-2.398041009902954},"rotation":{"x":0.4570575952529907,"y":0.5391876697540283,"z":-0.45487484335899355,"w":0.5417231917381287},"size":8.884814262390137,"orthographic":false}