{"cameraMode":{"drawMode":0,"name":"Shaded","section":"Shading Mode"},"sceneLighting":false,"audioPlay":false,"sceneViewState":{"showFog":true,"showMaterialUpdate":false,"showSkybox":false,"showFlares":true,"showImageEffects":true,"showParticleSystems":true},"in2DMode":false,"pivot":{"x":0.0,"y":0.14499998092651368,"z":-0.020000003278255464},"rotation":{"x":0.014765073545277119,"y":-0.9830122590065002,"z":0.09049417823553086,"w":0.15974655747413636},"size":0.3278719186782837,"orthographic":true}