{"cameraMode":{"drawMode":0,"name":"Shaded","section":"Shading Mode"},"sceneLighting":false,"audioPlay":false,"sceneViewState":{"showFog":true,"showMaterialUpdate":false,"showSkybox":true,"showFlares":true,"showImageEffects":true,"showParticleSystems":true},"in2DMode":false,"pivot":{"x":0.2493143081665039,"y":2.2916836738586427,"z":-2.1043665409088136},"rotation":{"x":0.16734501719474793,"y":-0.13732030987739564,"z":0.02354857325553894,"w":0.9760042428970337},"size":7.443147659301758,"orthographic":false}