{"cameraMode":{"drawMode":0,"name":"Shaded","section":"Shading Mode"},"sceneLighting":true,"audioPlay":false,"sceneViewState":{"showFog":true,"showMaterialUpdate":false,"showSkybox":true,"showFlares":true,"showImageEffects":true,"showParticleSystems":true},"in2DMode":false,"pivot":{"x":0.0,"y":0.029952794313430787,"z":0.02870575338602066},"rotation":{"x":0.04890846088528633,"y":0.18705977499485017,"z":-0.009326021187007428,"w":0.981086015701294},"size":1.730006217956543,"orthographic":false}