{"cameraMode":{"drawMode":0,"name":"Shaded","section":"Shading Mode"},"sceneLighting":false,"audioPlay":false,"sceneViewState":{"showFog":true,"showMaterialUpdate":false,"showSkybox":true,"showFlares":true,"showImageEffects":true,"showParticleSystems":true},"in2DMode":false,"pivot":{"x":3.10833740234375,"y":2.2642822265625,"z":3.3671875},"rotation":{"x":0.10202117264270783,"y":0.046277523040771487,"z":-0.004736586008220911,"w":0.9936939477920532},"size":5.812335014343262,"orthographic":true}