{"cameraMode":{"drawMode":0,"name":"Shaded","section":"Shading Mode"},"sceneLighting":false,"audioPlay":false,"sceneViewState":{"showFog":true,"showMaterialUpdate":false,"showSkybox":true,"showFlares":true,"showImageEffects":true,"showParticleSystems":true},"in2DMode":false,"pivot":{"x":1.2622404098510743,"y":3.0526647567749025,"z":-0.9668564796447754},"rotation":{"x":-0.22606469690799714,"y":-0.42130357027053835,"z":0.10928413271903992,"w":-0.8714671730995178},"size":8.266803741455079,"orthographic":false}