{"cameraMode":{"drawMode":0,"name":"Shaded","section":"Shading Mode"},"sceneLighting":false,"audioPlay":false,"sceneViewState":{"showFog":true,"showMaterialUpdate":false,"showSkybox":true,"showFlares":true,"showImageEffects":true,"showParticleSystems":true},"in2DMode":false,"pivot":{"x":0.7468550205230713,"y":0.3114193081855774,"z":0.35283035039901736},"rotation":{"x":0.06319475173950196,"y":0.7105405330657959,"z":-0.06434468924999237,"w":0.6978554129600525},"size":1.0133743286132813,"orthographic":false}