{"cameraMode":{"drawMode":0,"name":"Shaded","section":"Shading Mode"},"sceneLighting":false,"audioPlay":false,"sceneViewState":{"showFog":true,"showMaterialUpdate":false,"showSkybox":true,"showFlares":true,"showImageEffects":true,"showParticleSystems":true},"in2DMode":false,"pivot":{"x":-0.3877677917480469,"y":2.0035600662231447,"z":-0.1836337298154831},"rotation":{"x":-0.013884754851460457,"y":-0.7137233018875122,"z":0.01412408147007227,"w":-0.7001477479934692},"size":9.779458999633789,"orthographic":false}