{"cameraMode":{"drawMode":0,"name":"Shaded","section":"Shading Mode"},"sceneLighting":false,"audioPlay":false,"sceneViewState":{"showFog":true,"showMaterialUpdate":false,"showSkybox":true,"showFlares":true,"showImageEffects":true,"showParticleSystems":true},"in2DMode":false,"pivot":{"x":2.683450222015381,"y":1.927891731262207,"z":1.884129524230957},"rotation":{"x":0.09430878609418869,"y":-0.08646346628665924,"z":0.008236005902290345,"w":0.9917470216751099},"size":8.376206398010254,"orthographic":false}