{"cameraMode":{"drawMode":0,"name":"Shaded","section":"Shading Mode"},"sceneLighting":false,"audioPlay":false,"sceneViewState":{"showFog":true,"showMaterialUpdate":false,"showSkybox":true,"showFlares":true,"showImageEffects":true,"showParticleSystems":true},"in2DMode":false,"pivot":{"x":1.0400400161743165,"y":0.19827577471733094,"z":-0.7745897769927979},"rotation":{"x":0.029420489445328714,"y":0.9144678711891174,"z":-0.06762033700942993,"w":0.39788225293159487},"size":1.3345863819122315,"orthographic":false}