{"cameraMode":{"drawMode":0,"name":"Shaded","section":"Shading Mode"},"sceneLighting":true,"audioPlay":false,"sceneViewState":{"showFog":true,"showMaterialUpdate":false,"showSkybox":true,"showFlares":true,"showImageEffects":true,"showParticleSystems":true},"in2DMode":false,"pivot":{"x":-10.260000228881836,"y":6.980000019073486,"z":-3.440000057220459},"rotation":{"x":-0.08826667815446854,"y":-0.8395124673843384,"z":0.14240862429141999,"w":-0.5172122120857239},"size":10.0,"orthographic":true}