{"cameraMode":{"drawMode":0,"name":"Shaded","section":"Shading Mode"},"sceneLighting":true,"audioPlay":false,"sceneViewState":{"showFog":true,"showMaterialUpdate":false,"showSkybox":true,"showFlares":true,"showImageEffects":true,"showParticleSystems":true},"in2DMode":false,"pivot":{"x":-60.325599670410159,"y":-13.293951988220215,"z":376.8144836425781},"rotation":{"x":0.16152626276016236,"y":0.031384170055389407,"z":-0.005159304477274418,"w":0.986423134803772},"size":34.9107780456543,"orthographic":false}