{"cameraMode":{"drawMode":0,"name":"Shaded","section":"Shading Mode"},"sceneLighting":false,"audioPlay":false,"sceneViewState":{"showFog":true,"showMaterialUpdate":false,"showSkybox":true,"showFlares":true,"showImageEffects":true,"showParticleSystems":true},"in2DMode":false,"pivot":{"x":2.436171054840088,"y":2.2606945037841799,"z":0.10068464279174805},"rotation":{"x":0.034799013286828998,"y":-0.01077396608889103,"z":0.00038314799894578755,"w":0.9993362426757813},"size":5.324245452880859,"orthographic":false}