{"cameraMode":{"drawMode":0,"name":"Shaded","section":"Shading Mode"},"sceneLighting":false,"audioPlay":false,"sceneViewState":{"showFog":true,"showMaterialUpdate":false,"showSkybox":true,"showFlares":true,"showImageEffects":true,"showParticleSystems":true},"in2DMode":false,"pivot":{"x":-0.06433868408203125,"y":-0.17058253288269044,"z":0.011280625127255917},"rotation":{"x":0.12693415582180024,"y":0.6950452923774719,"z":-0.12667998671531678,"w":0.6962413787841797},"size":6.112512111663818,"orthographic":false}