{"cameraMode":{"drawMode":0,"name":"Shaded","section":"Shading Mode"},"sceneLighting":false,"audioPlay":false,"sceneViewState":{"showFog":true,"showMaterialUpdate":false,"showSkybox":true,"showFlares":true,"showImageEffects":true,"showParticleSystems":true},"in2DMode":false,"pivot":{"x":0.0,"y":0.009903907775878907,"z":0.05866023898124695},"rotation":{"x":0.15044060349464417,"y":-0.8176114559173584,"z":0.24867279827594758,"w":0.4970322251319885},"size":2.9921071529388429,"orthographic":false}