{"cameraMode":{"drawMode":0,"name":"Shaded","section":"Shading Mode"},"sceneLighting":true,"audioPlay":false,"sceneViewState":{"showFog":true,"showMaterialUpdate":false,"showSkybox":true,"showFlares":true,"showImageEffects":true,"showParticleSystems":true},"in2DMode":false,"pivot":{"x":-0.06606245040893555,"y":-0.02357393503189087,"z":-0.18756437301635743},"rotation":{"x":-0.04983553662896156,"y":0.9237934947013855,"z":-0.13076333701610566,"w":-0.3564029037952423},"size":4.629281520843506,"orthographic":false}