{"cameraMode":{"drawMode":0,"name":"Shaded","section":"Shading Mode"},"sceneLighting":true,"audioPlay":false,"sceneViewState":{"showFog":true,"showMaterialUpdate":false,"showSkybox":true,"showFlares":true,"showImageEffects":true,"showParticleSystems":true},"in2DMode":false,"pivot":{"x":269.0081481933594,"y":-126.02481079101563,"z":90.59652709960938},"rotation":{"x":0.43067890405654909,"y":0.1385282576084137,"z":-0.06641551852226258,"w":0.8893338441848755},"size":643.3558959960938,"orthographic":false}