{"cameraMode":{"drawMode":0,"name":"Shaded","section":"Shading Mode"},"sceneLighting":true,"audioPlay":false,"sceneViewState":{"showFog":true,"showMaterialUpdate":false,"showSkybox":true,"showFlares":true,"showImageEffects":true,"showParticleSystems":true},"in2DMode":false,"pivot":{"x":-3.01336669921875,"y":0.0,"z":14.859999656677246},"rotation":{"x":-0.10859797149896622,"y":0.03390243649482727,"z":-0.004305122885853052,"w":-0.9934982061386108},"size":4.648775100708008,"orthographic":false}