{"cameraMode":{"drawMode":0,"name":"Shaded","section":"Shading Mode"},"sceneLighting":false,"audioPlay":false,"sceneViewState":{"showFog":true,"showMaterialUpdate":false,"showSkybox":true,"showFlares":true,"showImageEffects":true,"showParticleSystems":true},"in2DMode":false,"pivot":{"x":5.000000476837158,"y":5.0,"z":5.499999046325684},"rotation":{"x":0.27885332703590395,"y":-0.19427454471588136,"z":0.0583484061062336,"w":0.9386659860610962},"size":24.186729431152345,"orthographic":false}