{"cameraMode":{"drawMode":0,"name":"Shaded","section":"Shading Mode"},"sceneLighting":true,"audioPlay":false,"sceneViewState":{"showFog":true,"showMaterialUpdate":false,"showSkybox":true,"showFlares":true,"showImageEffects":true,"showParticleSystems":true},"in2DMode":false,"pivot":{"x":6.173649787902832,"y":1.7707929611206055,"z":-0.3375277519226074},"rotation":{"x":-0.1259610801935196,"y":-0.7854354977607727,"z":0.1690356284379959,"w":-0.5819380283355713},"size":21.87615203857422,"orthographic":false}